elisa;semedo;elisa@gmail.com;0987654321;2004-12-12
mehdi;miam;mbourouih94@gmail.com;0987654321;2004-11-14
testnom;test;test@gmail.com;0987654321;1880-04-29
zaido;paris;paris@gmail.com;0123456789;1999-09-20
hivbeuhidf;egrni;m@jfn.com;0772836475;2004-04-22
John;Smith;johnsmith@gmail.com;0987654321;1980-01-01
Emily;Johnson;emilyj@gmail.com;0987654321;1985-02-02
Michael;Williams;michaelw@gmail.com;0987654321;1990-03-03
Sarah;Jones;sarahj@gmail.com;0987654321;1995-04-04
Matthew;Brown;matthewb@gmail.com;0987654321;2000-05-05
Jessica;Davis;jessicad@gmail.com;0987654321;2005-06-06
Jacob;Miller;jacobm@gmail.com;0987654321;1985-07-07
Amanda;Moore;amandam@gmail.com;0987654321;1990-08-08
Justin;Taylor;justint@gmail.com;0987654321;1995-09-09
Nicholas;Anderson;nicholasa@gmail.com;0987654321;2000-10-10
Ashley;Thomas;ashleyt@gmail.com;0987654321;2005-11-11
Samantha;Jackson;samanthaj@gmail.com;0987654321;1980-12-12
Brandon;White;brandonw@gmail.com;0987654321;1985-01-01
Olivia;Harris;oliviah@gmail.com;0987654321;1990-02-02
Austin;Martin;austinm@gmail.com;0987654321;1995-03-03
Alyssa;Thompson;alyssat@gmail.com;0987654321;2000-04-04
Adam;Garcia;adamg@gmail.com;0987654321;2005-05-05
Madison;Martinez;madisonm@gmail.com;0987654321;1980-06-06
Daniel;Robinson;danielr@gmail.com;0987654321;1985-07-07
Rachel;Clark;rachelc@gmail.com;0987654321;1990-08-08
Christopher;Rodriguez;christopherr@gmail.com;0987654321;1995-09-09
Natalie;Lopez;natalie@gmail.com;0987654321;2000-10-10
Joshua;Gonzalez;joshuag@gmail.com;0987654321;2005-11-11
Lauren;Moore;laurenmoore@gmail.com;0987654321;1980-12-12
Andrew;Moore;andrewmoore@gmail.com;0987654321;1985-01-01